match_num,player_name_2,team_name_3,player_status,team_id,player_id,match_name,match_nickname,match_ratio
61,Airton,Botafogo - RJ,out,263,61985,Airton Ribeiro Santos,Airton,100
61,Gabriel,Botafogo - RJ,in,263,78605,Gabriel Girotto Franco,Gabriel,100
61,Bolatti,Botafogo - RJ,out,263,69232,,Bolatti,100
61,Rodrigo Souto,Botafogo - RJ,in,263,37678,,Rodrigo Souto,100
61,Pablo Daniel,Botafogo - RJ,out,263,74065,,Zeballos,0
61,Sassá,Botafogo - RJ,in,263,79578,Luiz Ricardo Alves,Sassá,100
61,Souza,Vitória - BA,out,287,"[37246, 50284, 68883, 71575, 71581, 72334, 72943, 74014, 74017, 80573]","['Ney Franco da Silveira Júnior', nan, nan, nan, nan, nan, nan, nan, nan, 'Luiz Gustavo Tavares Conde']","['Ney Franco', 'Wilson', 'Caio', 'Danilo Tarracha', 'Léo Costa', 'Ayrton', 'Luís Cáceres', 'Alemão', 'Josa', 'Luiz Gustavo']",
61,Dinei,Vitória - BA,in,287,50418,,Dinei,100
61,Leonardo,Vitória - BA,out,287,71581,,Léo Costa,0
61,Willie,Vitória - BA,in,287,80568,,Willie,100
61,Neto,Vitória - BA,out,287,39230,,Neto Coruja,100
61,Luis,Vitória - BA,in,287,72943,,Luís Cáceres,0
62,Leonardo,Sport - PE,out,292,37848,,Leonardo,100
62,Ewerton,Sport - PE,in,292,73957,,Ewerton Páscoa ,100
62,Renan,Sport - PE,out,292,60822,Renan Henrique Oliveira Vieira,Renan Oliveira,100
62,Felipe Azevedo,Sport - PE,in,292,60825,Felipe Azevedo dos Santos,Felipe Azevedo,100
62,Rithely,Sport - PE,out,292,68834,Francisco Rithely da Silva Sousa,Rithely,100
62,Wendel,Sport - PE,in,292,38021,,Wendel,100
62,Cássio,Corinthians - SP,out,264,42234,Cássio Ramos,Cássio,100
62,Walter,Corinthians - SP,in,264,51413,Walter Leandro Capeloza Artune,Walter,100
62,Bruno,Corinthians - SP,out,264,70944,Bruno Henrique Corsini,Bruno Henrique,100
62,Renato Augusto,Corinthians - SP,in,264,38398,,Renato Augusto,100
62,Romarinho,Corinthians - SP,out,264,77738,,Romarinho,100
62,Luciano,Corinthians - SP,in,264,80287,Luciano da Rocha Neves,Luciano,100
63,Osvaldo,São Paulo - SP,out,276,42222,Osvaldo Lourenço Filho,Osvaldo,100
63,Gabriel,São Paulo - SP,in,276,86841,,Boschilia,0
63,Alexandre Pato,São Paulo - SP,out,276,49675,Alexandre Rodrigues da Silva,Alexandre Pato,100
63,Pabon,São Paulo - SP,in,276,78241,,Pabón,89
63,Ramiro,Grêmio - RS,out,284,78715,Ramiro Moschen Benetti,Ramiro,100
63,Maxi Rodriguez,Grêmio - RS,in,284,84530,,Maxi Rodríguez,96
63,Breno,Grêmio - RS,out,284,86748,,Breno,100
63,Ze Roberto,Grêmio - RS,in,284,36612,,Zé Roberto,95
63,Riveros,Grêmio - RS,out,284,67953,,Riveros,100
63,Matheus Biteco,Grêmio - RS,in,284,82703,,Matheus Biteco,100
64,Cicinho,Santos - SP,out,277,61106,,Cicinho,100
64,Bruno,Santos - SP,in,277,73962,Bruno da Silva Peres,Bruno Peres,100
64,Stefano Yuri Goncalves Almeida,Santos - SP,out,277,87101,,Stéfano Yuri,92
64,Jorge Eduardo,Santos - SP,in,277,87191,,Jorge Eduardo,100
64,Victor,Santos - SP,out,277,80536,Victor Andrade Santos,Victor Andrade,100
64,Diego,Santos - SP,in,277,86837,,Diego Cardoso,100
64,Everton,Flamengo - RJ,out,262,50301,Everton Cardoso da Silva,Everton,100
64,Arthur,Flamengo - RJ,in,262,80337,Arthur Caíke do Nascimento Cruz,Arthur ,100
64,Negueba,Flamengo - RJ,out,262,70929,,Negueba,100
64,Igor,Flamengo - RJ,in,262,83134,,Igor Sartori,100
64,Samir,Flamengo - RJ,out,262,84318,,Samir ,100
64,Joao Paulo,Flamengo - RJ,in,262,71602,,João Paulo,95
65,Ederson,Atlético - PR,out,293,73446,Éderson Alves Ribeiro Silva,Éderson,92
65,Nathan,Atlético - PR,in,293,87009,Nathan Allan de Souza,Nathan,100
65,Bady,Atlético - PR,out,293,71778,,Bady,100
65,João Paulo,Atlético - PR,in,293,56102,,João Paulo,100
65,Alex,Coritiba - PR,out,294,36522,,Alex,100
65,Jakson Avelino,Coritiba - PR,in,294,42490,,Jajá,0
65,Julio Cesar,Coritiba - PR,out,294,40904,,Julio Cesar,100
65,Keirrison,Coritiba - PR,in,294,50880,,Keirrison,100
65,Leandro Almeida,Coritiba - PR,out,294,50462,,Leandro Almeida,100
65,Geraldo,Coritiba - PR,in,294,70055,,Geraldo,100
66,Diego Tardelli,Atlético - MG,out,282,38231,Diego Tardelli Martins,Diego Tardelli,100
66,Guilherme,Atlético - MG,in,282,50294,Guilherme Milhomem Gusmão,Guilherme,100
66,Rever,Atlético - MG,out,282,52253,Réver Humberto Alves Araújo,Réver,89
66,Edcarlos,Atlético - MG,in,282,38061,,Edcarlos,100
66,Joao Vitor,Criciuma - SC,out,288,68987,,João Vitor,95
66,Ricardinho,Criciuma - SC,in,288,68830,,Ricardinho,100
66,Wellington,Criciuma - SC,out,288,50908,,Wellington Bruno,100
66,Luis Fernando Lojudice Martinez,Criciuma - SC,in,288,38357,,Martinez,100
66,Silvinho,Criciuma - SC,out,288,71799,Silvio José Cardoso Reis Junior,Silvinho,100
66,Giovanni,Criciuma - SC,in,288,72097,Giovanni Palmieri dos Santos,Giovanni,100
67,Rafael,Bahia - BA,out,265,38507,,Rafael Miranda,100
67,Wiliam Barbio,Bahia - BA,in,265,72099,,Wiliam Barbio,100
67,Uelliton,Bahia - BA,out,265,63003,,Uelliton,100
67,Lima,Bahia - BA,in,265,82502,,'Rafinha',0
67,Max,Bahia - BA,out,265,50532,,Maxi Biancucchi,100
67,H. Almeida,Bahia - BA,in,265,68773,,Henrique,0
67,Carlinhos,Fluminense - RJ,out,266,38451,Carlos Andrade Souza,Carlinhos,100
67,Ronan,Fluminense - RJ,in,266,82641,,Ronan,100
67,Conca,Fluminense - RJ,out,266,50348,,Conca,100
67,Rafael Sobis,Fluminense - RJ,in,266,37798,Rafael Augusto Sobis do Nascimento,Rafael Sobis,100
67,Robert,Fluminense - RJ,out,266,84791,,Kenedy,0
67,Diguinho,Fluminense - RJ,in,266,37627,,Diguinho,100
68,Valdivia,Internacional - RS,out,285,85423,Wanderson Ferreira de Oliveira,Valdivia,100
68,Aylon,Internacional - RS,in,285,85930,Aylon Darwin Tavella,Aylon,100
68,Otavio,Internacional - RS,out,285,80585,,Otávio,91
68,Eduardo Sasha,Internacional - RS,in,285,70360,Eduardo Colcenti Antunes,Eduardo Sasha,100
68,Wellington,Internacional - RS,out,285,62129,Wellington Aparecido Martins,Wellington,100
68,Jorge Henrique,Internacional - RS,in,285,38108,,Jorge Henrique,100
68,Marcelo Moreno,Cruzeiro - MG,out,283,50358,,Marcelo Moreno,100
68,Borges,Cruzeiro - MG,in,283,37941,,Borges,100
68,Everton Ribeiro,Cruzeiro - MG,out,283,51772,Éverton Augusto de Barros Ribeiro,Éverton Ribeiro,97
68,Tinga,Cruzeiro - MG,in,283,37794,,Tinga,100
68,Dagoberto,Cruzeiro - MG,out,283,37613,,Dagoberto,100
68,Willian,Cruzeiro - MG,in,283,42116,Willian Gomes de Siqueira,Willian,100
69,Guilherme Lazaroni,Figueirense - SC,out,316,80553,,Guilherme Lazaroni,100
69,Jean,Figueirense - SC,in,316,50366,,Jean Carlos,100
69,Everaldo,Figueirense - SC,out,316,78117,Everaldo Stum,Everaldo,100
69,Dudu,Figueirense - SC,in,316,78967,,Dudu,100
69,Thiago Heleno,Figueirense - SC,out,316,38394,Thiago Heleno Henrique Ferreira,Thiago Heleno,100
69,Jefferson,Figueirense - SC,in,316,81950,,Jefferson,100
69,David França,Goiás - GO,out,290,38695,David França Oliveira e Silva,David,100
69,Rodrigo,Goiás - GO,in,290,86935,,Rodrigo,100
69,Ramon,Goiás - GO,out,290,37783,,Ramon,100
69,Esquerdinha,Goiás - GO,in,290,63283,,Esquerdinha,100
69,Liniker,Goiás - GO,out,290,86943,,Liniker,100
69,Erik,Goiás - GO,in,290,84848,Erik Nascimento Lima,Erik,100
70,Odair,Chapecoense - SC,out,315,79892,Odair Souza ,Nenén,100
70,Wescley,Chapecoense - SC,in,315,70925,Wescley Gomes dos Santos,Wescley,100
70,Tiago Luis,Chapecoense - SC,out,315,62119,,Tiago Luis,100
70,Fabinho Alves,Chapecoense - SC,in,315,51193,,Fabinho Alves,100
70,Roni,Chapecoense - SC,out,315,86334,,Roni,100
70,Abuda,Chapecoense - SC,in,315,79193,,Abuda,100
70,Marquinhos Gabriel,Palmeiras - SP,out,275,68954,Marcos Gabriel do Nascimento,Marquinhos Gabriel,100
70,Bernardo,Palmeiras - SP,in,275,68697,,Bernardo,100
70,Diogo,Palmeiras - SP,out,275,50666,,Diogo,100
70,Patrick,Palmeiras - SP,in,275,77673,,Patrick Vieira,100
70,Mendieta,Palmeiras - SP,out,275,77994,,Mendieta,100
70,Felipe,Palmeiras - SP,in,275,50295,,Felipe Menezes,100
